index,label,timestamp,notes
0,1,2025-10-15T16:07:03,
1,0,2025-10-15T13:44:12,
2,0,2025-10-15T13:44:14,
3,0,2025-10-15T13:44:15,
4,0,2025-10-15T13:44:16,
5,0,2025-10-15T13:44:17,
6,0,2025-10-15T13:44:18,
7,0,2025-10-15T13:44:20,
8,0,2025-10-15T13:44:21,
9,1,2025-10-15T13:44:25,
10,1,2025-10-15T13:44:26,
11,1,2025-10-15T13:44:28,
12,0,2025-10-15T13:44:30,
13,0,2025-10-15T13:44:34,
14,0,2025-10-15T13:44:36,
15,0,2025-10-15T13:44:37,
16,0,2025-10-15T13:44:38,
17,0,2025-10-15T13:44:39,
18,0,2025-10-15T13:44:41,
19,1,2025-10-15T13:44:43,
20,0,2025-10-15T13:44:44,
21,0,2025-10-15T13:44:46,
22,1,2025-10-15T13:44:47,
23,1,2025-10-15T13:44:49,
24,0,2025-10-15T13:44:52,
25,0,2025-10-15T13:44:53,
26,0,2025-10-15T13:44:55,
27,0,2025-10-15T13:45:02,
28,1,2025-10-15T13:45:06,
29,0,2025-10-15T13:45:07,
30,1,2025-10-15T13:45:09,
31,0,2025-10-15T13:45:11,
32,0,2025-10-15T13:45:12,
33,0,2025-10-15T13:50:25,
34,0,2025-10-15T13:50:25,
35,0,2025-10-15T13:50:25,
36,0,2025-10-15T13:50:25,
37,0,2025-10-15T13:50:25,
38,0,2025-10-15T13:50:25,
39,0,2025-10-15T13:50:25,
40,0,2025-10-15T13:50:26,
41,0,2025-10-15T13:50:26,
42,0,2025-10-15T13:50:26,
43,0,2025-10-15T13:50:26,
44,0,2025-10-15T13:50:26,
45,0,2025-10-15T13:50:26,
46,0,2025-10-15T13:50:26,
47,0,2025-10-15T13:50:26,
48,0,2025-10-15T13:50:26,
49,0,2025-10-15T13:50:26,
50,0,2025-10-15T13:50:26,
51,0,2025-10-15T13:50:26,
52,0,2025-10-15T13:50:26,
53,0,2025-10-15T13:50:27,
54,0,2025-10-15T13:50:27,
55,0,2025-10-15T13:50:27,
56,0,2025-10-15T13:50:27,
57,0,2025-10-15T13:50:27,
58,0,2025-10-15T13:50:27,
59,0,2025-10-15T13:50:27,
60,0,2025-10-15T13:50:27,
61,0,2025-10-15T13:50:27,
62,0,2025-10-15T13:50:27,
63,0,2025-10-15T13:50:27,
64,0,2025-10-15T13:50:27,
65,0,2025-10-15T13:50:28,
66,0,2025-10-15T13:50:28,
67,0,2025-10-15T13:50:28,
68,0,2025-10-15T13:50:28,
69,0,2025-10-15T13:50:28,
70,0,2025-10-15T13:50:28,
71,0,2025-10-15T13:50:28,
72,0,2025-10-15T13:50:28,
73,0,2025-10-15T13:50:28,
74,0,2025-10-15T13:50:28,
75,0,2025-10-15T13:50:28,
76,0,2025-10-15T13:50:28,
77,0,2025-10-15T13:50:28,
78,0,2025-10-15T13:50:29,
79,0,2025-10-15T13:50:29,
80,0,2025-10-15T13:50:29,
81,0,2025-10-15T13:50:29,
82,0,2025-10-15T13:50:29,
83,0,2025-10-15T13:50:29,
84,0,2025-10-15T13:50:29,
85,0,2025-10-15T13:50:29,
86,0,2025-10-15T13:50:29,
87,0,2025-10-15T13:50:29,
88,0,2025-10-15T13:50:29,
89,0,2025-10-15T13:50:29,
90,0,2025-10-15T13:50:29,
91,0,2025-10-15T13:50:30,
92,0,2025-10-15T13:50:30,
93,0,2025-10-15T13:50:30,
94,0,2025-10-15T13:50:30,
95,0,2025-10-15T13:50:30,
96,0,2025-10-15T13:50:30,
97,0,2025-10-15T13:50:30,
98,0,2025-10-15T13:50:30,
99,0,2025-10-15T13:50:30,
100,0,2025-10-15T13:50:30,
101,0,2025-10-15T13:50:30,
102,0,2025-10-15T13:50:30,
103,0,2025-10-15T13:50:30,
104,0,2025-10-15T13:50:31,
105,0,2025-10-15T13:50:31,
106,0,2025-10-15T13:50:31,
107,0,2025-10-15T13:50:31,
108,0,2025-10-15T13:50:31,
109,0,2025-10-15T13:50:31,
110,0,2025-10-15T13:50:31,
111,0,2025-10-15T13:50:31,
112,0,2025-10-15T13:50:31,
113,0,2025-10-15T13:50:31,
114,0,2025-10-15T13:50:31,
115,0,2025-10-15T13:50:31,
116,0,2025-10-15T13:50:31,
117,0,2025-10-15T13:50:32,
118,0,2025-10-15T13:50:32,
119,0,2025-10-15T13:50:32,
120,0,2025-10-15T13:50:32,
121,0,2025-10-15T13:50:32,
122,0,2025-10-15T13:50:32,
123,0,2025-10-15T13:50:32,
124,0,2025-10-15T13:50:32,
125,0,2025-10-15T13:50:32,
126,0,2025-10-15T13:50:32,
127,0,2025-10-15T13:50:32,
128,0,2025-10-15T13:50:32,
129,0,2025-10-15T13:50:32,
130,0,2025-10-15T13:50:33,
131,0,2025-10-15T13:50:33,
132,0,2025-10-15T13:50:33,
133,0,2025-10-15T13:50:33,
134,0,2025-10-15T13:50:33,
135,0,2025-10-15T13:50:33,
136,0,2025-10-15T13:50:33,
137,0,2025-10-15T13:50:33,
138,0,2025-10-15T13:50:33,
139,0,2025-10-15T13:50:33,
140,0,2025-10-15T13:50:33,
141,0,2025-10-15T13:50:33,
142,0,2025-10-15T13:50:33,
143,0,2025-10-15T13:50:34,
144,0,2025-10-15T13:50:34,
145,0,2025-10-15T13:50:34,
146,0,2025-10-15T13:50:34,
147,0,2025-10-15T13:50:34,
148,0,2025-10-15T13:50:34,
149,0,2025-10-15T13:50:34,
150,0,2025-10-15T13:50:34,
151,0,2025-10-15T13:50:34,
152,0,2025-10-15T13:50:34,
153,0,2025-10-15T13:50:34,
154,0,2025-10-15T13:50:34,
155,0,2025-10-15T13:50:34,
156,0,2025-10-15T13:50:35,
157,0,2025-10-15T13:50:35,
158,0,2025-10-15T13:50:35,
159,0,2025-10-15T13:50:35,
160,0,2025-10-15T13:50:35,
161,0,2025-10-15T13:50:35,
162,0,2025-10-15T13:50:35,
163,0,2025-10-15T13:50:35,
164,0,2025-10-15T13:50:35,
165,0,2025-10-15T13:50:35,
166,0,2025-10-15T13:50:35,
167,0,2025-10-15T13:50:35,
168,0,2025-10-15T13:50:35,
169,0,2025-10-15T13:50:36,
170,0,2025-10-15T13:50:36,
171,0,2025-10-15T13:50:36,
172,0,2025-10-15T13:50:36,
173,0,2025-10-15T13:50:36,
174,0,2025-10-15T13:50:36,
175,0,2025-10-15T13:50:36,
176,0,2025-10-15T13:50:36,
177,0,2025-10-15T13:50:36,
178,0,2025-10-15T13:50:36,
179,0,2025-10-15T13:50:36,
180,0,2025-10-15T13:50:36,
181,0,2025-10-15T13:50:37,
182,0,2025-10-15T13:50:37,
183,0,2025-10-15T13:50:37,
184,0,2025-10-15T13:50:37,
185,0,2025-10-15T13:50:37,
186,0,2025-10-15T13:50:37,
187,0,2025-10-15T13:50:37,
188,0,2025-10-15T13:50:37,
189,0,2025-10-15T13:50:37,
190,0,2025-10-15T13:50:37,
191,0,2025-10-15T13:50:37,
192,0,2025-10-15T13:50:37,
193,0,2025-10-15T13:50:37,
194,0,2025-10-15T13:50:38,
195,0,2025-10-15T13:50:38,
196,0,2025-10-15T13:50:38,
197,0,2025-10-15T13:50:38,
198,0,2025-10-15T13:50:38,
199,0,2025-10-15T13:50:38,
200,0,2025-10-15T13:50:38,
201,0,2025-10-15T13:50:38,
202,0,2025-10-15T13:50:38,
203,0,2025-10-15T13:50:38,
204,0,2025-10-15T13:50:38,
205,0,2025-10-15T13:50:38,
206,0,2025-10-15T13:50:38,
207,0,2025-10-15T13:50:39,
208,0,2025-10-15T13:50:39,
209,0,2025-10-15T13:50:39,
210,0,2025-10-15T13:50:39,
211,0,2025-10-15T13:50:39,
212,0,2025-10-15T13:50:39,
213,0,2025-10-15T13:50:39,
214,0,2025-10-15T13:50:39,
215,0,2025-10-15T13:50:39,
216,0,2025-10-15T13:50:39,
217,0,2025-10-15T13:50:39,
218,0,2025-10-15T13:50:39,
219,0,2025-10-15T13:50:39,
220,0,2025-10-15T13:50:40,
221,0,2025-10-15T13:50:40,
222,0,2025-10-15T13:50:40,
223,0,2025-10-15T13:50:40,
224,0,2025-10-15T13:50:40,
225,0,2025-10-15T13:50:40,
226,0,2025-10-15T13:50:40,
227,0,2025-10-15T13:50:40,
228,0,2025-10-15T13:50:40,
229,0,2025-10-15T13:50:40,
230,0,2025-10-15T13:50:40,
231,0,2025-10-15T13:50:40,
232,1,2025-10-15T13:50:40,
233,1,2025-10-15T13:50:41,
234,1,2025-10-15T13:50:41,
235,1,2025-10-15T13:50:41,
236,1,2025-10-15T13:50:41,
237,1,2025-10-15T13:50:41,
238,1,2025-10-15T13:50:41,
239,1,2025-10-15T13:50:41,
240,1,2025-10-15T13:50:41,
241,1,2025-10-15T13:50:41,
242,1,2025-10-15T13:50:41,
243,1,2025-10-15T13:50:41,
244,1,2025-10-15T13:50:41,
245,1,2025-10-15T13:50:41,
246,1,2025-10-15T13:50:42,
247,1,2025-10-15T13:50:42,
248,1,2025-10-15T13:50:42,
249,1,2025-10-15T13:50:42,
250,1,2025-10-15T13:50:42,
251,1,2025-10-15T13:50:42,
252,1,2025-10-15T13:50:42,
253,1,2025-10-15T13:50:42,
254,1,2025-10-15T13:50:42,
255,1,2025-10-15T13:50:42,
256,1,2025-10-15T13:50:42,
257,1,2025-10-15T13:50:42,
258,1,2025-10-15T13:50:42,
259,1,2025-10-15T13:50:43,
260,1,2025-10-15T13:50:43,
261,1,2025-10-15T13:50:43,
262,1,2025-10-15T13:50:43,
263,1,2025-10-15T13:50:43,
264,0,2025-10-15T13:50:43,
265,0,2025-10-15T13:50:43,
266,0,2025-10-15T13:50:43,
267,0,2025-10-15T13:50:43,
268,0,2025-10-15T13:50:43,
269,0,2025-10-15T13:50:43,
270,0,2025-10-15T13:50:43,
271,0,2025-10-15T13:50:44,
272,0,2025-10-15T13:50:44,
273,0,2025-10-15T13:50:44,
274,0,2025-10-15T13:50:44,
275,0,2025-10-15T13:50:44,
276,0,2025-10-15T13:50:44,
277,0,2025-10-15T13:50:44,
278,0,2025-10-15T13:50:44,
279,0,2025-10-15T13:50:44,
280,0,2025-10-15T13:50:44,
281,0,2025-10-15T13:50:44,
282,0,2025-10-15T13:50:44,
283,0,2025-10-15T13:50:44,
284,0,2025-10-15T13:50:45,
285,0,2025-10-15T13:50:45,
286,0,2025-10-15T13:50:45,
287,0,2025-10-15T13:50:45,
288,0,2025-10-15T13:50:45,
289,0,2025-10-15T13:50:45,
290,0,2025-10-15T13:50:45,
291,0,2025-10-15T13:50:45,
292,0,2025-10-15T13:50:45,
293,0,2025-10-15T13:50:45,
294,0,2025-10-15T13:50:45,
295,0,2025-10-15T13:50:45,
296,0,2025-10-15T13:50:46,
297,0,2025-10-15T13:50:46,
298,0,2025-10-15T13:50:46,
299,0,2025-10-15T13:50:46,
300,0,2025-10-15T13:50:46,
301,0,2025-10-15T13:50:46,
302,0,2025-10-15T13:50:46,
303,0,2025-10-15T13:50:46,
304,0,2025-10-15T13:50:46,
305,0,2025-10-15T13:50:46,
306,0,2025-10-15T13:50:46,
307,0,2025-10-15T13:50:46,
308,0,2025-10-15T13:50:46,
309,0,2025-10-15T13:50:47,
310,0,2025-10-15T13:50:47,
311,0,2025-10-15T13:50:47,
312,0,2025-10-15T13:50:47,
313,0,2025-10-15T13:50:47,
314,0,2025-10-15T13:50:47,
315,0,2025-10-15T13:50:47,
316,0,2025-10-15T13:50:47,
317,0,2025-10-15T13:50:47,
318,0,2025-10-15T13:50:47,
319,0,2025-10-15T13:50:47,
320,0,2025-10-15T13:50:47,
321,0,2025-10-15T13:50:48,
322,0,2025-10-15T13:50:48,
323,0,2025-10-15T13:50:48,
324,0,2025-10-15T13:50:48,
325,0,2025-10-15T13:50:48,
326,0,2025-10-15T13:50:48,
327,0,2025-10-15T13:50:48,
328,0,2025-10-15T13:50:48,
329,0,2025-10-15T13:50:48,
330,0,2025-10-15T13:50:48,
331,0,2025-10-15T13:50:48,
332,0,2025-10-15T13:50:48,
333,0,2025-10-15T13:50:48,
334,0,2025-10-15T13:50:49,
335,0,2025-10-15T13:50:49,
336,0,2025-10-15T13:50:49,
337,0,2025-10-15T13:50:49,
338,0,2025-10-15T13:50:49,
339,0,2025-10-15T13:50:49,
340,0,2025-10-15T13:50:49,
341,0,2025-10-15T13:50:49,
342,0,2025-10-15T13:50:49,
343,0,2025-10-15T13:50:49,
344,0,2025-10-15T13:50:49,
345,0,2025-10-15T13:50:49,
346,0,2025-10-15T13:50:49,
347,0,2025-10-15T13:50:50,
348,0,2025-10-15T13:50:50,
349,0,2025-10-15T13:50:50,
350,0,2025-10-15T13:50:50,
351,0,2025-10-15T13:50:50,
352,0,2025-10-15T13:50:50,
353,0,2025-10-15T13:50:50,
354,0,2025-10-15T13:50:50,
355,0,2025-10-15T13:50:50,
356,0,2025-10-15T13:50:50,
357,0,2025-10-15T13:50:50,
358,0,2025-10-15T13:50:50,
359,0,2025-10-15T13:50:50,
360,0,2025-10-15T13:50:51,
361,0,2025-10-15T13:50:51,
362,0,2025-10-15T13:50:51,
363,0,2025-10-15T13:50:51,
364,0,2025-10-15T13:50:51,
365,0,2025-10-15T13:50:51,
366,0,2025-10-15T13:50:51,
367,0,2025-10-15T13:50:51,
368,0,2025-10-15T13:50:51,
369,0,2025-10-15T13:50:51,
370,0,2025-10-15T13:50:51,
371,0,2025-10-15T13:50:51,
372,0,2025-10-15T13:50:52,
373,0,2025-10-15T13:50:52,
374,0,2025-10-15T13:50:52,
375,0,2025-10-15T13:50:52,
376,0,2025-10-15T13:50:52,
377,0,2025-10-15T13:50:52,
378,0,2025-10-15T13:50:52,
379,0,2025-10-15T13:50:52,
380,0,2025-10-15T13:50:52,
381,0,2025-10-15T13:50:52,
382,0,2025-10-15T13:50:52,
383,0,2025-10-15T13:50:52,
384,0,2025-10-15T13:50:52,
385,0,2025-10-15T13:50:53,
386,0,2025-10-15T13:50:53,
387,0,2025-10-15T13:50:53,
388,0,2025-10-15T13:50:53,
389,0,2025-10-15T13:50:53,
390,0,2025-10-15T13:50:53,
391,0,2025-10-15T13:50:53,
392,0,2025-10-15T13:50:53,
393,0,2025-10-15T13:50:53,
394,0,2025-10-15T13:50:53,
395,0,2025-10-15T13:50:53,
396,0,2025-10-15T13:50:53,
397,0,2025-10-15T13:50:54,
398,0,2025-10-15T13:50:54,
399,0,2025-10-15T13:50:54,
400,0,2025-10-15T13:50:54,
401,0,2025-10-15T13:50:54,
402,0,2025-10-15T13:50:54,
403,0,2025-10-15T13:50:57,
404,0,2025-10-15T13:50:57,
405,0,2025-10-15T13:50:57,
406,0,2025-10-15T13:50:58,
407,0,2025-10-15T13:50:58,
408,0,2025-10-15T13:50:58,
409,0,2025-10-15T13:50:58,
410,0,2025-10-15T13:50:58,
411,0,2025-10-15T13:50:58,
412,0,2025-10-15T13:50:58,
413,0,2025-10-15T13:50:58,
414,0,2025-10-15T13:50:58,
415,0,2025-10-15T13:50:58,
416,0,2025-10-15T13:50:58,
417,0,2025-10-15T13:50:58,
418,0,2025-10-15T13:50:58,
419,0,2025-10-15T13:50:59,
420,0,2025-10-15T13:50:59,
421,1,2025-10-15T13:54:39,
422,1,2025-10-15T13:54:39,
423,1,2025-10-15T13:54:39,
424,1,2025-10-15T13:54:39,
425,1,2025-10-15T13:54:39,
426,1,2025-10-15T13:54:39,
427,1,2025-10-15T13:54:39,
428,1,2025-10-15T13:54:39,
429,1,2025-10-15T13:54:39,
430,1,2025-10-15T13:54:40,
431,1,2025-10-15T13:54:40,
432,1,2025-10-15T13:54:40,
433,1,2025-10-15T13:54:40,
434,1,2025-10-15T13:54:40,
435,1,2025-10-15T13:54:40,
436,1,2025-10-15T13:54:40,
437,1,2025-10-15T13:54:40,
438,1,2025-10-15T13:54:40,
439,1,2025-10-15T13:54:40,
440,1,2025-10-15T13:54:40,
441,1,2025-10-15T13:54:40,
442,1,2025-10-15T13:54:40,
443,1,2025-10-15T13:54:41,
444,1,2025-10-15T13:54:41,
445,1,2025-10-15T13:54:41,
446,1,2025-10-15T13:54:41,
447,1,2025-10-15T13:54:41,
448,1,2025-10-15T13:54:41,
449,1,2025-10-15T13:54:41,
450,1,2025-10-15T13:54:41,
451,1,2025-10-15T13:54:41,
452,1,2025-10-15T13:54:41,
453,1,2025-10-15T13:54:41,
454,1,2025-10-15T13:54:41,
455,1,2025-10-15T13:54:42,
456,1,2025-10-15T13:54:42,
457,1,2025-10-15T13:54:42,
458,1,2025-10-15T13:54:42,
459,1,2025-10-15T13:54:42,
460,1,2025-10-15T13:54:42,
461,1,2025-10-15T13:54:42,
462,1,2025-10-15T13:54:42,
463,1,2025-10-15T13:54:42,
464,1,2025-10-15T13:54:42,
465,1,2025-10-15T13:54:42,
466,1,2025-10-15T13:54:42,
467,1,2025-10-15T13:54:43,
468,1,2025-10-15T13:54:43,
469,1,2025-10-15T13:54:43,
470,1,2025-10-15T13:54:43,
471,1,2025-10-15T13:54:43,
472,1,2025-10-15T13:54:43,
473,1,2025-10-15T13:54:43,
474,1,2025-10-15T13:54:43,
475,1,2025-10-15T13:54:43,
476,1,2025-10-15T13:54:43,
477,1,2025-10-15T13:54:43,
478,1,2025-10-15T13:54:43,
479,1,2025-10-15T13:54:44,
480,1,2025-10-15T13:54:44,
481,1,2025-10-15T13:54:44,
482,1,2025-10-15T13:54:44,
483,1,2025-10-15T13:54:44,
484,1,2025-10-15T13:54:44,
485,1,2025-10-15T13:54:44,
486,1,2025-10-15T13:54:44,
487,1,2025-10-15T13:54:44,
488,1,2025-10-15T13:54:44,
489,1,2025-10-15T13:54:44,
490,1,2025-10-15T13:54:44,
491,1,2025-10-15T13:54:44,
492,1,2025-10-15T13:54:45,
493,1,2025-10-15T13:54:45,
494,1,2025-10-15T13:54:45,
495,1,2025-10-15T13:54:45,
496,1,2025-10-15T13:54:45,
497,1,2025-10-15T13:54:45,
498,1,2025-10-15T13:54:45,
499,1,2025-10-15T13:54:45,
500,1,2025-10-15T13:54:45,
501,1,2025-10-15T13:54:45,
502,1,2025-10-15T13:54:45,
503,1,2025-10-15T13:54:45,
504,1,2025-10-15T13:54:46,
505,1,2025-10-15T13:54:46,
506,1,2025-10-15T13:54:46,
507,1,2025-10-15T13:54:46,
508,1,2025-10-15T13:54:46,
509,1,2025-10-15T13:54:46,
510,1,2025-10-15T13:54:46,
511,1,2025-10-15T13:54:46,
512,1,2025-10-15T13:54:46,
513,1,2025-10-15T13:54:46,
514,1,2025-10-15T13:54:46,
515,1,2025-10-15T13:54:46,
516,1,2025-10-15T13:54:46,
517,1,2025-10-15T13:54:47,
518,1,2025-10-15T13:54:47,
519,1,2025-10-15T13:54:47,
520,1,2025-10-15T13:54:47,
521,1,2025-10-15T13:54:47,
522,1,2025-10-15T13:54:47,
523,1,2025-10-15T13:54:47,
524,1,2025-10-15T13:54:47,
525,1,2025-10-15T13:54:47,
526,1,2025-10-15T13:54:47,
527,1,2025-10-15T13:54:47,
528,1,2025-10-15T13:54:47,
529,1,2025-10-15T13:54:48,
530,1,2025-10-15T13:54:48,
531,1,2025-10-15T13:54:48,
532,1,2025-10-15T13:54:48,
533,1,2025-10-15T13:54:48,
534,1,2025-10-15T13:54:48,
535,1,2025-10-15T13:54:48,
536,1,2025-10-15T13:54:48,
537,1,2025-10-15T13:54:48,
538,1,2025-10-15T13:54:48,
539,1,2025-10-15T13:54:48,
540,1,2025-10-15T13:54:48,
541,1,2025-10-15T13:54:49,
542,1,2025-10-15T13:54:49,
543,1,2025-10-15T13:54:49,
544,1,2025-10-15T13:54:49,
545,1,2025-10-15T13:54:49,
546,1,2025-10-15T13:54:49,
547,1,2025-10-15T13:54:49,
548,1,2025-10-15T13:54:49,
549,1,2025-10-15T13:54:49,
550,1,2025-10-15T13:54:49,
551,1,2025-10-15T13:54:49,
552,1,2025-10-15T13:54:49,
553,1,2025-10-15T13:54:50,
554,1,2025-10-15T13:54:50,
555,1,2025-10-15T13:54:50,
556,1,2025-10-15T13:54:50,
557,1,2025-10-15T13:54:50,
558,1,2025-10-15T13:54:50,
559,1,2025-10-15T13:54:50,
560,1,2025-10-15T13:54:50,
561,1,2025-10-15T13:54:50,
562,1,2025-10-15T13:54:50,
563,1,2025-10-15T13:54:50,
564,1,2025-10-15T13:54:50,
565,1,2025-10-15T13:54:51,
566,1,2025-10-15T13:54:51,
567,1,2025-10-15T13:54:51,
568,1,2025-10-15T13:54:51,
569,1,2025-10-15T13:54:51,
570,1,2025-10-15T13:54:51,
571,1,2025-10-15T13:54:51,
572,1,2025-10-15T13:54:51,
573,1,2025-10-15T13:54:51,
574,1,2025-10-15T13:54:51,
575,1,2025-10-15T13:54:51,
576,1,2025-10-15T13:54:51,
577,1,2025-10-15T13:54:51,
578,1,2025-10-15T13:54:52,
579,1,2025-10-15T13:54:52,
580,1,2025-10-15T13:54:52,
581,1,2025-10-15T13:54:52,
582,1,2025-10-15T13:54:52,
583,1,2025-10-15T13:54:52,
584,1,2025-10-15T13:54:52,
585,1,2025-10-15T13:54:52,
586,1,2025-10-15T13:54:52,
587,1,2025-10-15T13:54:52,
588,1,2025-10-15T13:54:52,
589,1,2025-10-15T13:54:52,
590,1,2025-10-15T13:54:53,
591,1,2025-10-15T13:54:53,
592,1,2025-10-15T13:54:53,
593,1,2025-10-15T13:54:53,
594,1,2025-10-15T13:54:53,
595,1,2025-10-15T13:54:53,
596,1,2025-10-15T13:54:53,
597,1,2025-10-15T13:54:53,
598,1,2025-10-15T13:54:53,
599,1,2025-10-15T13:54:53,
600,1,2025-10-15T13:54:53,
601,1,2025-10-15T13:54:53,
602,1,2025-10-15T13:54:53,
603,1,2025-10-15T13:54:54,
604,1,2025-10-15T13:54:54,
605,1,2025-10-15T13:54:54,
606,1,2025-10-15T13:54:54,
607,1,2025-10-15T13:54:54,
608,1,2025-10-15T13:54:54,
609,1,2025-10-15T13:54:54,
610,1,2025-10-15T13:54:54,
611,1,2025-10-15T13:54:54,
612,1,2025-10-15T13:54:54,
613,1,2025-10-15T13:54:54,
614,1,2025-10-15T13:54:54,
615,1,2025-10-15T13:54:55,
616,1,2025-10-15T13:54:55,
617,1,2025-10-15T13:54:55,
618,1,2025-10-15T13:54:55,
619,1,2025-10-15T13:54:55,
620,1,2025-10-15T13:54:55,
621,1,2025-10-15T13:54:55,
622,1,2025-10-15T13:54:55,
623,1,2025-10-15T13:54:55,
624,1,2025-10-15T13:54:55,
625,1,2025-10-15T13:54:55,
626,1,2025-10-15T13:54:55,
627,1,2025-10-15T13:54:55,
628,1,2025-10-15T13:54:56,
629,1,2025-10-15T13:54:56,
630,1,2025-10-15T13:54:56,
631,1,2025-10-15T13:54:56,
632,1,2025-10-15T13:54:56,
633,1,2025-10-15T13:54:56,
634,1,2025-10-15T13:54:56,
635,1,2025-10-15T13:54:56,
636,1,2025-10-15T13:54:56,
637,1,2025-10-15T13:54:56,
638,1,2025-10-15T13:54:56,
639,1,2025-10-15T13:54:56,
640,1,2025-10-15T13:54:57,
641,1,2025-10-15T13:54:57,
642,1,2025-10-15T13:54:57,
643,1,2025-10-15T13:54:57,
644,1,2025-10-15T13:54:57,
645,1,2025-10-15T13:54:57,
646,1,2025-10-15T13:54:57,
647,1,2025-10-15T13:54:57,
648,1,2025-10-15T13:54:57,
649,1,2025-10-15T13:54:57,
650,1,2025-10-15T13:54:57,
651,1,2025-10-15T13:54:57,
652,1,2025-10-15T13:54:58,
653,1,2025-10-15T13:54:58,
654,1,2025-10-15T13:54:58,
655,1,2025-10-15T13:54:58,
656,1,2025-10-15T13:54:58,
657,1,2025-10-15T13:54:58,
658,1,2025-10-15T13:54:58,
659,1,2025-10-15T13:54:58,
660,1,2025-10-15T13:54:58,
661,1,2025-10-15T13:54:58,
662,1,2025-10-15T13:54:58,
663,1,2025-10-15T13:54:58,
664,1,2025-10-15T13:54:58,
665,1,2025-10-15T13:54:59,
666,1,2025-10-15T13:54:59,
667,1,2025-10-15T13:54:59,
668,1,2025-10-15T13:54:59,
669,1,2025-10-15T13:54:59,
670,1,2025-10-15T13:54:59,
671,1,2025-10-15T13:54:59,
672,1,2025-10-15T13:54:59,
673,1,2025-10-15T13:54:59,
674,1,2025-10-15T13:54:59,
675,1,2025-10-15T13:54:59,
676,1,2025-10-15T13:54:59,
677,1,2025-10-15T13:55:00,
678,1,2025-10-15T13:55:00,
679,1,2025-10-15T13:55:00,
680,1,2025-10-15T13:55:00,
681,1,2025-10-15T13:55:00,
682,1,2025-10-15T13:55:00,
683,1,2025-10-15T13:55:00,
684,1,2025-10-15T13:55:00,
685,1,2025-10-15T13:55:00,
686,1,2025-10-15T13:55:00,
687,1,2025-10-15T13:55:00,
688,1,2025-10-15T13:55:00,
689,1,2025-10-15T13:55:00,
690,1,2025-10-15T13:55:01,
691,1,2025-10-15T13:55:01,
692,1,2025-10-15T13:55:01,
693,1,2025-10-15T13:55:01,
694,1,2025-10-15T13:55:01,
695,1,2025-10-15T13:55:01,
696,1,2025-10-15T13:55:01,
697,1,2025-10-15T13:55:01,
698,1,2025-10-15T13:55:01,
699,1,2025-10-15T13:55:01,
700,1,2025-10-15T13:55:01,
701,1,2025-10-15T13:55:01,
702,1,2025-10-15T13:55:02,
703,1,2025-10-15T13:55:02,
704,1,2025-10-15T13:55:02,
705,1,2025-10-15T13:55:02,
706,1,2025-10-15T13:55:02,
707,1,2025-10-15T13:55:02,
708,1,2025-10-15T13:55:02,
709,1,2025-10-15T13:55:02,
710,1,2025-10-15T13:55:02,
711,1,2025-10-15T13:55:02,
712,1,2025-10-15T13:55:02,
713,1,2025-10-15T13:55:03,
714,1,2025-10-15T13:55:03,
715,1,2025-10-15T13:55:03,
716,1,2025-10-15T13:55:03,
717,1,2025-10-15T13:55:03,
718,1,2025-10-15T13:55:03,
719,1,2025-10-15T13:55:03,
720,1,2025-10-15T13:55:03,
721,1,2025-10-15T13:55:03,
722,1,2025-10-15T13:55:03,
723,1,2025-10-15T13:55:03,
724,1,2025-10-15T13:55:04,
725,1,2025-10-15T13:55:04,
726,1,2025-10-15T13:55:04,
727,1,2025-10-15T13:55:04,
728,1,2025-10-15T13:55:04,
729,1,2025-10-15T13:55:04,
730,1,2025-10-15T13:55:04,
731,1,2025-10-15T13:55:04,
732,1,2025-10-15T13:55:04,
733,1,2025-10-15T13:55:04,
734,1,2025-10-15T13:55:04,
735,1,2025-10-15T13:55:04,
736,1,2025-10-15T13:55:05,
737,1,2025-10-15T13:55:05,
738,1,2025-10-15T13:55:05,
739,1,2025-10-15T13:55:05,
740,1,2025-10-15T13:55:05,
741,1,2025-10-15T13:55:05,
742,1,2025-10-15T13:55:05,
743,1,2025-10-15T13:55:05,
744,1,2025-10-15T13:55:05,
745,1,2025-10-15T13:55:05,
746,1,2025-10-15T13:55:05,
747,1,2025-10-15T13:55:06,
748,1,2025-10-15T13:55:06,
749,1,2025-10-15T13:55:06,
750,1,2025-10-15T13:55:06,
751,1,2025-10-15T13:55:06,
752,1,2025-10-15T13:55:06,
753,1,2025-10-15T13:55:06,
754,1,2025-10-15T13:55:06,
755,1,2025-10-15T13:55:06,
756,1,2025-10-15T13:55:06,
757,1,2025-10-15T13:55:06,
758,1,2025-10-15T13:55:06,
759,1,2025-10-15T13:55:07,
760,1,2025-10-15T13:55:07,
761,1,2025-10-15T13:55:07,
762,1,2025-10-15T13:55:07,
763,1,2025-10-15T13:55:07,
764,1,2025-10-15T13:55:07,
765,1,2025-10-15T13:55:07,
766,1,2025-10-15T13:55:07,
767,1,2025-10-15T13:55:07,
768,1,2025-10-15T13:55:07,
769,1,2025-10-15T13:55:07,
770,1,2025-10-15T13:55:07,
771,1,2025-10-15T13:55:08,
772,1,2025-10-15T13:55:08,
773,1,2025-10-15T13:55:08,
774,1,2025-10-15T13:55:08,
775,1,2025-10-15T13:55:08,
776,1,2025-10-15T13:55:08,
777,1,2025-10-15T13:55:08,
778,1,2025-10-15T13:55:08,
779,1,2025-10-15T13:55:08,
780,1,2025-10-15T13:55:08,
781,1,2025-10-15T13:55:08,
782,1,2025-10-15T13:55:08,
783,1,2025-10-15T13:55:09,
784,1,2025-10-15T13:55:09,
785,1,2025-10-15T13:55:09,
786,1,2025-10-15T13:55:09,
787,1,2025-10-15T13:55:09,
788,1,2025-10-15T13:55:09,
789,1,2025-10-15T13:55:09,
790,1,2025-10-15T13:55:09,
791,1,2025-10-15T13:55:09,
792,1,2025-10-15T13:55:09,
793,1,2025-10-15T13:55:09,
794,1,2025-10-15T13:55:09,
795,1,2025-10-15T13:55:10,
796,1,2025-10-15T13:55:10,
797,1,2025-10-15T13:55:10,
798,1,2025-10-15T13:55:10,
799,1,2025-10-15T13:55:10,
800,1,2025-10-15T13:55:10,
801,1,2025-10-15T13:55:10,
802,1,2025-10-15T13:55:10,
803,1,2025-10-15T13:55:10,
804,1,2025-10-15T13:55:10,
805,1,2025-10-15T13:55:10,
806,1,2025-10-15T13:55:11,
807,1,2025-10-15T13:55:11,
808,1,2025-10-15T13:55:11,
809,1,2025-10-15T13:55:11,
810,1,2025-10-15T13:55:11,
811,1,2025-10-15T13:55:11,
812,1,2025-10-15T13:55:11,
813,1,2025-10-15T13:55:11,
814,1,2025-10-15T13:55:11,
815,1,2025-10-15T13:55:11,
816,1,2025-10-15T13:55:11,
817,1,2025-10-15T13:55:11,
818,1,2025-10-15T13:55:12,
819,1,2025-10-15T13:55:12,
820,1,2025-10-15T13:55:12,
821,1,2025-10-15T13:55:12,
822,1,2025-10-15T13:55:12,
823,1,2025-10-15T13:55:12,
824,1,2025-10-15T13:55:12,
825,1,2025-10-15T13:55:12,
826,1,2025-10-15T13:55:12,
827,1,2025-10-15T13:55:12,
828,1,2025-10-15T13:55:12,
829,1,2025-10-15T13:55:12,
830,1,2025-10-15T13:55:13,
831,1,2025-10-15T13:55:13,
832,1,2025-10-15T13:55:13,
833,1,2025-10-15T13:55:13,
834,1,2025-10-15T13:55:13,
835,1,2025-10-15T13:55:13,
836,1,2025-10-15T13:55:13,
837,1,2025-10-15T13:55:13,
838,1,2025-10-15T13:55:13,
839,1,2025-10-15T13:55:13,
840,1,2025-10-15T13:55:14,
841,1,2025-10-15T13:55:14,
842,1,2025-10-15T13:55:14,
843,1,2025-10-15T13:55:14,
844,1,2025-10-15T13:55:14,
845,1,2025-10-15T13:55:14,
846,1,2025-10-15T13:55:14,
847,1,2025-10-15T13:55:14,
848,1,2025-10-15T13:55:14,
849,1,2025-10-15T13:55:14,
850,1,2025-10-15T13:55:14,
851,1,2025-10-15T13:55:14,
852,1,2025-10-15T13:55:15,
853,1,2025-10-15T13:55:15,
854,1,2025-10-15T13:55:15,
855,1,2025-10-15T13:55:15,
856,1,2025-10-15T13:55:15,
857,1,2025-10-15T13:55:15,
858,1,2025-10-15T13:55:15,
859,1,2025-10-15T13:55:15,
860,1,2025-10-15T13:55:15,
861,1,2025-10-15T13:55:15,
862,1,2025-10-15T13:55:15,
863,1,2025-10-15T13:55:15,
864,1,2025-10-15T13:55:16,
865,1,2025-10-15T13:55:16,
866,1,2025-10-15T13:55:16,
867,1,2025-10-15T13:55:16,
868,1,2025-10-15T13:55:16,
869,1,2025-10-15T13:55:16,
870,1,2025-10-15T13:55:16,
871,1,2025-10-15T13:55:16,
872,1,2025-10-15T13:55:16,
873,1,2025-10-15T13:55:16,
874,1,2025-10-15T13:55:16,
875,1,2025-10-15T13:55:17,
876,1,2025-10-15T13:55:17,
877,1,2025-10-15T13:55:17,
878,1,2025-10-15T13:55:17,
879,1,2025-10-15T13:55:17,
880,1,2025-10-15T13:55:17,
881,1,2025-10-15T13:55:17,
882,1,2025-10-15T13:55:17,
883,1,2025-10-15T13:55:17,
884,1,2025-10-15T13:55:17,
885,1,2025-10-15T13:55:17,
886,1,2025-10-15T13:55:17,
887,1,2025-10-15T13:55:18,
888,1,2025-10-15T13:55:18,
889,1,2025-10-15T13:55:18,
890,1,2025-10-15T13:55:18,
891,1,2025-10-15T13:55:18,
892,1,2025-10-15T13:55:18,
893,1,2025-10-15T13:55:18,
894,1,2025-10-15T13:55:18,
895,1,2025-10-15T13:55:18,
896,1,2025-10-15T13:55:18,
897,1,2025-10-15T13:55:18,
898,1,2025-10-15T13:55:18,
899,1,2025-10-15T13:55:19,
900,1,2025-10-15T13:55:19,
901,1,2025-10-15T13:55:19,
902,1,2025-10-15T13:55:19,
903,1,2025-10-15T13:55:19,
904,1,2025-10-15T13:55:19,
905,1,2025-10-15T13:55:19,
906,1,2025-10-15T13:55:19,
907,1,2025-10-15T13:55:19,
908,1,2025-10-15T13:55:19,
909,1,2025-10-15T13:55:19,
910,1,2025-10-15T13:55:20,
911,1,2025-10-15T13:55:20,
912,1,2025-10-15T13:55:20,
913,1,2025-10-15T13:55:20,
914,1,2025-10-15T13:55:20,
915,1,2025-10-15T13:55:20,
916,1,2025-10-15T13:55:20,
917,1,2025-10-15T13:55:20,
918,1,2025-10-15T13:55:20,
919,1,2025-10-15T13:55:20,
920,1,2025-10-15T13:55:20,
921,1,2025-10-15T13:55:20,
922,1,2025-10-15T13:55:21,
923,1,2025-10-15T13:55:21,
924,1,2025-10-15T13:55:21,
925,1,2025-10-15T13:55:21,
926,1,2025-10-15T13:55:21,
927,1,2025-10-15T13:55:21,
928,1,2025-10-15T13:55:21,
929,1,2025-10-15T13:55:21,
930,1,2025-10-15T13:55:21,
931,1,2025-10-15T13:55:21,
932,1,2025-10-15T13:55:21,
933,1,2025-10-15T13:55:22,
934,1,2025-10-15T13:55:22,
935,1,2025-10-15T13:55:22,
936,1,2025-10-15T13:55:22,
937,1,2025-10-15T13:55:22,
938,1,2025-10-15T13:55:22,
939,1,2025-10-15T13:55:22,
940,1,2025-10-15T13:55:22,
941,1,2025-10-15T13:55:22,
942,1,2025-10-15T13:55:22,
943,1,2025-10-15T13:55:22,
944,1,2025-10-15T13:55:23,
945,1,2025-10-15T13:55:23,
946,1,2025-10-15T13:55:23,
947,1,2025-10-15T13:55:23,
948,1,2025-10-15T13:55:23,
949,1,2025-10-15T13:55:23,
950,1,2025-10-15T13:55:23,
951,1,2025-10-15T13:55:23,
952,1,2025-10-15T13:55:23,
953,1,2025-10-15T13:55:23,
954,1,2025-10-15T13:55:23,
955,1,2025-10-15T13:55:23,
956,1,2025-10-15T13:55:24,
957,1,2025-10-15T13:55:24,
958,1,2025-10-15T13:55:24,
959,1,2025-10-15T13:55:24,
960,1,2025-10-15T13:55:24,
961,1,2025-10-15T13:55:24,
962,1,2025-10-15T13:55:24,
963,1,2025-10-15T13:55:24,
964,1,2025-10-15T13:55:24,
965,1,2025-10-15T13:55:24,
966,1,2025-10-15T13:55:24,
967,1,2025-10-15T13:55:25,
968,1,2025-10-15T13:55:25,
969,0,2025-10-15T13:55:49,
970,1,2025-10-15T13:55:51,
971,0,2025-10-15T13:55:52,
972,0,2025-10-15T13:55:53,
973,0,2025-10-15T13:55:54,
974,0,2025-10-15T13:55:56,
975,0,2025-10-15T13:55:57,
976,0,2025-10-15T13:55:59,
977,0,2025-10-15T13:56:00,
978,0,2025-10-15T13:56:01,
979,1,2025-10-15T13:56:02,
980,0,2025-10-15T13:56:04,
981,0,2025-10-15T13:56:05,
982,0,2025-10-15T13:56:06,
983,0,2025-10-15T13:56:08,
984,0,2025-10-15T13:56:09,
985,0,2025-10-15T13:56:10,
986,0,2025-10-15T13:56:11,
987,0,2025-10-15T13:56:12,
988,0,2025-10-15T13:56:13,
989,0,2025-10-15T13:56:14,
990,0,2025-10-15T13:56:15,
991,0,2025-10-15T13:56:17,
992,0,2025-10-15T13:56:18,
993,0,2025-10-15T13:56:19,
994,0,2025-10-15T13:56:20,
995,0,2025-10-15T13:56:21,
996,0,2025-10-15T13:56:23,
997,0,2025-10-15T13:56:44,
998,0,2025-10-15T13:56:45,
999,0,2025-10-15T13:56:46,
1000,0,2025-10-15T13:56:48,
1001,0,2025-10-15T13:56:49,
1002,0,2025-10-15T13:56:50,
1003,0,2025-10-15T13:56:52,
1004,0,2025-10-15T13:56:53,
1005,0,2025-10-15T13:56:54,
1006,0,2025-10-15T13:56:55,
1007,0,2025-10-15T13:56:57,
1008,0,2025-10-15T13:56:58,
1009,0,2025-10-15T13:56:59,
1010,0,2025-10-15T13:57:00,
1011,1,2025-10-15T13:57:02,
1012,0,2025-10-15T13:57:03,
1013,0,2025-10-15T13:57:04,
1014,0,2025-10-15T13:57:05,
1015,0,2025-10-15T13:57:06,
1016,0,2025-10-15T13:57:07,
1017,0,2025-10-15T13:57:09,
1018,0,2025-10-15T13:57:09,
1019,0,2025-10-15T13:57:10,
1020,1,2025-10-15T13:57:12,
1021,1,2025-10-15T13:57:14,
1022,1,2025-10-15T13:57:15,
1023,1,2025-10-15T13:57:17,
1024,0,2025-10-15T13:57:18,
1025,0,2025-10-15T13:57:19,
1026,0,2025-10-15T13:57:21,
1027,1,2025-10-15T13:57:22,
1028,0,2025-10-15T13:57:24,
1029,0,2025-10-15T13:57:25,
1030,0,2025-10-15T13:57:27,
1031,0,2025-10-15T13:57:28,
1032,0,2025-10-15T13:57:29,
1033,0,2025-10-15T13:57:30,
1034,0,2025-10-15T13:57:31,
1035,0,2025-10-15T13:57:33,
1036,0,2025-10-15T13:57:34,
1037,0,2025-10-15T13:57:35,
1038,0,2025-10-15T13:57:36,
1039,1,2025-10-15T13:57:38,
1040,0,2025-10-15T13:57:40,
1041,0,2025-10-15T13:57:41,
1042,0,2025-10-15T13:57:42,
1043,0,2025-10-15T13:57:43,
1044,1,2025-10-15T13:59:28,
1045,0,2025-10-15T13:59:29,
1046,0,2025-10-15T13:59:30,
1047,0,2025-10-15T13:59:31,
1048,0,2025-10-15T13:59:32,
1049,1,2025-10-15T13:59:34,
1050,0,2025-10-15T13:59:44,
1051,0,2025-10-15T13:59:46,
1052,0,2025-10-15T13:59:47,
1053,0,2025-10-15T13:59:49,
1054,0,2025-10-15T13:59:50,
1055,0,2025-10-15T13:59:51,
1056,0,2025-10-15T13:59:52,
1057,0,2025-10-15T13:59:53,
1058,0,2025-10-15T13:59:55,
1059,0,2025-10-15T13:59:56,
1060,0,2025-10-15T13:59:56,
1061,0,2025-10-15T13:59:58,
1062,0,2025-10-15T13:59:59,
1063,0,2025-10-15T14:00:00,
1064,0,2025-10-15T14:00:01,
1065,0,2025-10-15T14:00:02,
1066,0,2025-10-15T14:00:03,
1067,0,2025-10-15T14:00:04,
1068,0,2025-10-15T14:00:05,
1069,0,2025-10-15T14:00:06,
1070,0,2025-10-15T14:00:07,
1071,0,2025-10-15T14:00:11,
1072,0,2025-10-15T14:00:12,
1073,1,2025-10-15T14:00:17,
1074,0,2025-10-15T14:00:18,
1075,0,2025-10-15T14:00:20,
1076,0,2025-10-15T14:00:22,
1077,0,2025-10-15T14:00:23,
1078,0,2025-10-15T14:00:24,
1079,0,2025-10-15T14:00:25,
1080,0,2025-10-15T14:00:26,
1081,0,2025-10-15T14:01:22,
1082,0,2025-10-15T14:01:23,
1083,0,2025-10-15T14:01:24,
1084,0,2025-10-15T14:01:25,
1085,0,2025-10-15T14:01:26,
1086,0,2025-10-15T14:01:27,
1087,0,2025-10-15T14:01:28,
1088,0,2025-10-15T14:01:29,
1089,0,2025-10-15T14:01:31,
1090,0,2025-10-15T14:01:32,
1091,0,2025-10-15T14:01:33,
1092,0,2025-10-15T14:01:34,
1093,0,2025-10-15T14:01:36,
1094,0,2025-10-15T14:01:36,
1095,0,2025-10-15T14:01:38,
1096,0,2025-10-15T14:01:41,
1097,0,2025-10-15T14:01:43,
1098,0,2025-10-15T14:01:44,
1099,0,2025-10-15T14:01:46,
1100,0,2025-10-15T14:01:53,
1101,0,2025-10-15T14:01:55,
1102,0,2025-10-15T14:01:56,
1103,0,2025-10-15T14:01:58,
1104,0,2025-10-15T14:01:59,
1105,0,2025-10-15T14:02:00,
1106,0,2025-10-15T14:02:01,
1107,0,2025-10-15T14:02:02,
1108,0,2025-10-15T14:02:03,
1109,0,2025-10-15T14:02:04,
1110,0,2025-10-15T14:02:05,
1111,0,2025-10-15T14:02:06,
1112,0,2025-10-15T14:02:07,
1113,0,2025-10-15T14:02:11,
1114,0,2025-10-15T14:02:12,
1115,0,2025-10-15T14:02:14,
1116,0,2025-10-15T14:02:18,
1117,0,2025-10-15T14:02:19,
1118,1,2025-10-15T14:02:22,
1119,1,2025-10-15T14:02:23,
1120,1,2025-10-15T14:02:25,
1121,0,2025-10-15T14:02:27,
1122,1,2025-10-15T14:02:29,
1123,1,2025-10-15T14:02:30,
1124,0,2025-10-15T15:02:02,
1125,0,2025-10-15T15:02:03,
1126,0,2025-10-15T15:02:04,
1127,0,2025-10-15T15:02:06,
1128,0,2025-10-15T15:02:07,
1129,0,2025-10-15T15:02:08,
1130,0,2025-10-15T15:02:40,
1131,1,2025-10-15T15:02:44,
1132,1,2025-10-15T15:02:46,
1133,0,2025-10-15T15:02:47,
1134,0,2025-10-15T15:02:49,
1135,1,2025-10-15T15:02:52,
1136,0,2025-10-15T15:02:55,
1137,1,2025-10-15T15:02:56,
1138,0,2025-10-15T15:03:50,
1139,1,2025-10-15T15:04:22,
1140,0,2025-10-15T15:04:24,
1141,1,2025-10-15T15:04:30,
1142,0,2025-10-15T15:04:33,
1143,1,2025-10-15T15:04:36,
1144,0,2025-10-15T15:04:38,
1145,1,2025-10-15T15:04:40,
1146,0,2025-10-15T15:04:44,
1147,1,2025-10-15T15:04:47,
1148,1,2025-10-15T15:04:48,
1149,1,2025-10-15T15:04:57,
1150,1,2025-10-15T15:05:00,
1151,0,2025-10-15T15:05:02,
1152,0,2025-10-15T15:05:03,
1153,0,2025-10-15T15:05:04,
1154,0,2025-10-15T15:05:06,
1155,1,2025-10-15T15:05:11,
1156,1,2025-10-15T15:05:25,
1157,0,2025-10-15T15:05:28,
1158,0,2025-10-15T15:05:29,
1159,0,2025-10-15T15:05:31,
1160,0,2025-10-15T15:05:33,
1161,0,2025-10-15T15:05:34,
1162,0,2025-10-15T15:05:43,
1163,0,2025-10-15T15:05:56,
1164,0,2025-10-15T15:05:58,
1165,1,2025-10-15T15:06:29,
1166,1,2025-10-15T15:06:32,
1167,0,2025-10-15T15:06:34,
1168,0,2025-10-15T15:06:35,
1169,0,2025-10-15T15:06:37,
1170,0,2025-10-15T15:06:39,
1171,0,2025-10-15T15:06:40,
1172,0,2025-10-15T15:06:41,
1173,0,2025-10-15T15:06:43,
1174,0,2025-10-15T15:06:45,
1175,1,2025-10-15T15:06:46,
1176,0,2025-10-15T15:06:48,
1177,1,2025-10-15T15:06:50,
1178,0,2025-10-15T15:06:52,
1179,1,2025-10-15T15:06:54,
1180,1,2025-10-15T15:07:00,
1181,0,2025-10-15T15:07:03,
1182,0,2025-10-15T15:07:05,
1183,1,2025-10-15T15:07:09,
1184,1,2025-10-15T15:07:10,
1185,0,2025-10-15T15:07:12,
1186,0,2025-10-15T15:07:14,
1187,0,2025-10-15T15:07:16,
1188,1,2025-10-15T15:07:18,
1189,0,2025-10-15T15:07:20,
1190,0,2025-10-15T15:07:26,
1191,0,2025-10-15T15:07:27,
1192,0,2025-10-15T15:07:28,
1193,0,2025-10-15T15:07:29,
1194,0,2025-10-15T15:07:52,
1195,0,2025-10-15T15:07:53,
1196,1,2025-10-15T15:07:56,
1197,0,2025-10-15T15:07:57,
1198,0,2025-10-15T15:07:58,
1199,0,2025-10-15T15:07:59,
1200,0,2025-10-15T15:08:00,
1201,0,2025-10-15T15:08:02,
1202,0,2025-10-15T15:08:03,
1203,0,2025-10-15T15:08:04,
1204,0,2025-10-15T15:08:10,
1205,0,2025-10-15T15:08:11,
1206,0,2025-10-15T15:08:12,
1207,0,2025-10-15T15:08:15,
1208,0,2025-10-15T15:08:17,
1209,0,2025-10-15T15:08:19,
1210,0,2025-10-15T15:08:20,
1211,0,2025-10-15T15:08:21,
1212,0,2025-10-15T15:08:26,
1213,0,2025-10-15T15:08:28,
1214,0,2025-10-15T15:08:29,
1215,0,2025-10-15T15:08:30,
1216,0,2025-10-15T15:08:31,
1217,0,2025-10-15T15:08:32,
1218,0,2025-10-15T15:08:33,
1219,1,2025-10-15T15:08:35,
1220,0,2025-10-15T15:08:36,
1221,0,2025-10-15T15:08:41,
1222,0,2025-10-15T15:08:42,
1223,0,2025-10-15T15:08:43,
1224,0,2025-10-15T15:08:44,
1225,0,2025-10-15T15:08:45,
1226,0,2025-10-15T15:08:46,
1227,0,2025-10-15T15:08:47,
1228,0,2025-10-15T15:08:48,
1229,0,2025-10-15T15:08:49,
1230,0,2025-10-15T15:08:51,
1231,0,2025-10-15T15:08:52,
1232,1,2025-10-15T15:08:56,
1233,0,2025-10-15T15:12:57,
1234,0,2025-10-15T15:12:58,
1235,0,2025-10-15T15:12:59,
1236,0,2025-10-15T15:13:00,
1237,0,2025-10-15T15:13:01,
1238,0,2025-10-15T15:13:03,
1239,0,2025-10-15T15:13:04,
1240,0,2025-10-15T15:13:05,
1241,0,2025-10-15T15:13:06,
1242,0,2025-10-15T15:13:07,
1243,0,2025-10-15T15:13:08,
1244,0,2025-10-15T15:13:09,
1245,0,2025-10-15T15:13:14,
1246,0,2025-10-15T15:13:15,
1247,0,2025-10-15T15:13:16,
1248,1,2025-10-15T15:13:19,
1249,0,2025-10-15T15:13:20,
1250,0,2025-10-15T15:13:21,
1251,0,2025-10-15T15:13:22,
1252,0,2025-10-15T15:13:24,
1253,0,2025-10-15T15:13:24,
1254,0,2025-10-15T15:13:25,
1255,0,2025-10-15T15:13:27,
1256,1,2025-10-15T15:13:32,
1257,0,2025-10-15T15:13:33,
1258,0,2025-10-15T15:13:34,
1259,0,2025-10-15T15:13:37,
1260,0,2025-10-15T15:13:39,
1261,0,2025-10-15T15:13:40,
1262,0,2025-10-15T15:13:40,
1263,0,2025-10-15T15:13:42,
1264,0,2025-10-15T15:13:43,
1265,0,2025-10-15T15:13:43,
1266,0,2025-10-15T15:13:45,
1267,0,2025-10-15T15:13:58,
1268,1,2025-10-15T15:14:00,
1269,0,2025-10-15T15:14:01,
1270,0,2025-10-15T15:14:02,
1271,0,2025-10-15T15:14:03,
1272,0,2025-10-15T15:14:04,
1273,0,2025-10-15T15:14:06,
1274,0,2025-10-15T15:14:07,
1275,0,2025-10-15T15:14:08,
1276,0,2025-10-15T15:14:09,
1277,1,2025-10-15T15:14:11,
1278,0,2025-10-15T15:14:12,
1279,0,2025-10-15T15:14:15,
1280,0,2025-10-15T15:14:16,
1281,0,2025-10-15T15:14:17,
1282,1,2025-10-15T15:14:19,
1283,1,2025-10-15T15:14:20,
1284,0,2025-10-15T15:15:14,
1285,0,2025-10-15T15:15:16,
1286,0,2025-10-15T15:15:17,
1287,0,2025-10-15T15:15:18,
1288,0,2025-10-15T15:15:20,
1289,0,2025-10-15T15:15:22,
1290,1,2025-10-15T15:15:26,
1291,0,2025-10-15T15:17:22,
1292,1,2025-10-15T15:17:29,
1293,1,2025-10-15T15:19:11,
1294,0,2025-10-15T15:24:15,
1295,0,2025-10-15T15:24:17,
1296,0,2025-10-15T15:24:20,
1297,0,2025-10-15T15:24:22,
1298,0,2025-10-15T15:24:23,
1299,0,2025-10-15T15:24:24,
1300,0,2025-10-15T15:24:26,
1301,0,2025-10-15T15:26:09,
1302,0,2025-10-15T15:26:10,
1303,0,2025-10-15T15:26:11,
1304,0,2025-10-15T15:26:12,
1305,0,2025-10-15T15:26:13,
1306,0,2025-10-15T15:26:14,
1307,0,2025-10-15T15:26:15,
1308,0,2025-10-15T15:26:16,
1309,0,2025-10-15T15:26:17,
1310,0,2025-10-15T15:26:17,
1311,0,2025-10-15T15:26:18,
1312,0,2025-10-15T15:26:19,
1313,0,2025-10-15T15:35:24,
1314,0,2025-10-15T15:36:03,
1315,0,2025-10-15T15:36:06,
1316,0,2025-10-15T15:36:08,
1317,0,2025-10-15T15:36:10,
1318,0,2025-10-15T15:36:13,
1319,0,2025-10-15T15:36:14,
1320,0,2025-10-15T15:36:15,
1321,0,2025-10-15T15:36:16,
1322,0,2025-10-15T15:36:17,
1323,0,2025-10-15T15:36:18,
1324,0,2025-10-15T15:36:18,
1325,0,2025-10-15T15:36:19,
1326,0,2025-10-15T15:36:20,
1327,0,2025-10-15T15:36:21,
1328,0,2025-10-15T15:36:22,
1329,0,2025-10-15T15:36:23,
1330,1,2025-10-15T15:36:25,
1331,0,2025-10-15T15:36:27,
1332,1,2025-10-15T15:36:28,
1333,0,2025-10-15T15:36:32,
1334,0,2025-10-15T15:36:33,
1335,1,2025-10-15T15:36:34,
1336,0,2025-10-15T15:36:35,
1337,0,2025-10-15T15:36:36,
1338,1,2025-10-15T15:36:37,
1339,1,2025-10-15T15:36:38,
1340,0,2025-10-15T15:36:44,
1341,0,2025-10-15T15:36:45,
1342,0,2025-10-15T15:36:46,
1343,0,2025-10-15T15:36:47,
1344,0,2025-10-15T15:36:48,
1345,0,2025-10-15T15:36:49,
1346,0,2025-10-15T15:36:51,
1347,0,2025-10-15T15:36:52,
1348,0,2025-10-15T15:36:52,
1349,0,2025-10-15T15:36:54,
1350,0,2025-10-15T15:36:54,
1351,0,2025-10-15T15:36:55,
1352,0,2025-10-15T15:36:57,
1353,0,2025-10-15T15:36:58,
1354,0,2025-10-15T15:36:59,
1355,0,2025-10-15T15:37:02,
1356,0,2025-10-15T15:37:03,
1357,0,2025-10-15T15:37:04,
1358,0,2025-10-15T15:37:05,
1359,0,2025-10-15T15:37:06,
1360,0,2025-10-15T15:37:07,
1361,0,2025-10-15T15:37:08,
1362,0,2025-10-15T15:37:09,
1363,0,2025-10-15T15:37:10,
1364,0,2025-10-15T15:37:10,
1365,0,2025-10-15T15:37:11,
1366,0,2025-10-15T15:37:12,
1367,1,2025-10-15T15:37:13,
1368,0,2025-10-15T15:37:14,
1369,0,2025-10-15T15:37:15,
1370,0,2025-10-15T15:37:16,
1371,0,2025-10-15T15:37:17,
1372,0,2025-10-15T15:37:18,
1373,0,2025-10-15T15:37:19,
1374,0,2025-10-15T15:37:20,
1375,0,2025-10-15T15:37:21,
1376,0,2025-10-15T15:37:21,
1377,0,2025-10-15T15:37:22,
1378,0,2025-10-15T15:37:23,
1379,0,2025-10-15T15:37:29,
1380,0,2025-10-15T15:37:30,
1381,0,2025-10-15T15:37:31,
1382,0,2025-10-15T15:37:32,
1383,0,2025-10-15T15:37:33,
1384,0,2025-10-15T15:37:33,
1385,0,2025-10-15T15:37:34,
1386,0,2025-10-15T15:37:35,
1387,1,2025-10-15T15:37:37,
1388,1,2025-10-15T15:37:38,
1389,1,2025-10-15T15:37:40,
1390,1,2025-10-15T15:37:41,
1391,0,2025-10-15T15:37:42,
1392,0,2025-10-15T15:37:43,
1393,0,2025-10-15T15:37:44,
1394,0,2025-10-15T15:37:45,
1395,0,2025-10-15T15:37:46,
1396,1,2025-10-15T15:37:47,
1397,0,2025-10-15T15:37:49,
1398,1,2025-10-15T15:37:50,
1399,1,2025-10-15T15:37:51,
1400,1,2025-10-15T15:37:52,
1401,0,2025-10-15T15:37:53,
1402,0,2025-10-15T15:37:54,
1403,0,2025-10-15T15:37:55,
1404,0,2025-10-15T15:37:55,
1405,0,2025-10-15T15:37:56,
1406,0,2025-10-15T15:37:57,
1407,0,2025-10-15T15:37:58,
1408,0,2025-10-15T15:37:59,
1409,0,2025-10-15T15:38:00,
1410,1,2025-10-15T15:38:01,
1411,1,2025-10-15T15:38:02,
1412,1,2025-10-15T15:39:06,
1413,0,2025-10-15T15:39:08,
1414,0,2025-10-15T15:39:09,
1415,0,2025-10-15T15:39:10,
1416,1,2025-10-15T15:39:11,
1417,0,2025-10-15T15:39:12,
1418,0,2025-10-15T15:39:13,
1419,0,2025-10-15T15:39:13,
1420,0,2025-10-15T15:39:14,
1421,0,2025-10-15T15:39:15,
1422,1,2025-10-15T15:39:17,
1423,0,2025-10-15T15:39:18,
1424,0,2025-10-15T15:39:19,
1425,0,2025-10-15T15:39:20,
1426,0,2025-10-15T15:39:21,
1427,1,2025-10-15T15:39:22,
1428,0,2025-10-15T15:39:23,
1429,0,2025-10-15T15:39:24,
1430,1,2025-10-15T15:39:38,
1431,1,2025-10-15T15:39:39,
1432,1,2025-10-15T15:39:40,
1433,0,2025-10-15T15:39:41,
1434,1,2025-10-15T15:39:42,
1435,0,2025-10-15T15:39:43,
1436,0,2025-10-15T15:39:46,
1437,0,2025-10-15T15:39:47,
1438,1,2025-10-15T15:39:48,
1439,1,2025-10-15T15:39:50,
1440,1,2025-10-15T15:39:51,
1441,1,2025-10-15T15:39:55,
1442,0,2025-10-15T15:39:56,
1443,1,2025-10-15T15:39:57,
1444,1,2025-10-15T15:39:59,
1445,0,2025-10-15T15:40:00,
1446,1,2025-10-15T15:40:01,
1447,1,2025-10-15T15:40:02,
1448,1,2025-10-15T15:40:03,
1449,0,2025-10-15T15:40:04,
1450,0,2025-10-15T15:40:05,
1451,0,2025-10-15T15:40:06,
1452,0,2025-10-15T15:40:07,
1453,0,2025-10-15T15:40:11,
1454,1,2025-10-15T15:40:12,
1455,0,2025-10-15T15:40:13,
1456,1,2025-10-15T15:40:14,
1457,1,2025-10-15T15:40:57,
1458,0,2025-10-15T15:40:59,
1459,1,2025-10-15T15:41:00,
1460,0,2025-10-15T15:42:21,
1461,1,2025-10-15T15:42:22,
1462,0,2025-10-15T15:42:24,
1463,0,2025-10-15T15:45:20,
1464,1,2025-10-15T15:45:32,
1465,1,2025-10-15T15:45:33,
1466,0,2025-10-15T15:48:07,
1467,0,2025-10-15T15:48:08,
1468,0,2025-10-15T15:48:09,
1469,0,2025-10-15T15:48:10,
1470,0,2025-10-15T15:48:11,
1471,0,2025-10-15T15:48:12,
1472,0,2025-10-15T15:51:56,
1473,0,2025-10-15T15:52:23,
1474,0,2025-10-15T15:52:24,
1475,0,2025-10-15T15:52:30,
1476,0,2025-10-15T15:52:31,
1477,0,2025-10-15T15:52:32,
1478,0,2025-10-15T15:52:32,
1479,1,2025-10-15T15:52:33,
1480,0,2025-10-15T15:52:34,
1481,0,2025-10-15T15:53:26,
1482,0,2025-10-15T15:53:27,
1483,1,2025-10-15T15:53:28,
1484,1,2025-10-15T15:54:59,
1485,0,2025-10-15T15:55:01,
1486,1,2025-10-15T15:55:02,
1487,1,2025-10-15T15:55:03,
1488,0,2025-10-15T15:56:44,
1489,1,2025-10-15T15:56:45,
1490,0,2025-10-15T15:56:46,
1491,1,2025-10-15T15:56:47,
1492,0,2025-10-15T15:56:57,
1493,1,2025-10-15T15:57:04,
1494,0,2025-10-15T15:57:05,
1495,0,2025-10-15T15:57:11,
1496,1,2025-10-15T15:57:12,
1497,1,2025-10-15T15:57:13,
1498,0,2025-10-15T15:57:14,
1499,0,2025-10-15T15:57:15,
1500,0,2025-10-15T15:57:16,
1501,0,2025-10-15T15:57:18,
1502,0,2025-10-15T15:57:19,
1503,1,2025-10-15T15:58:21,
1504,1,2025-10-15T15:58:23,
1505,0,2025-10-15T16:00:16,
1506,0,2025-10-15T16:00:18,
1507,1,2025-10-15T16:00:38,
1508,1,2025-10-15T16:01:16,
1509,0,2025-10-15T16:01:17,
1510,1,2025-10-15T16:01:07,
1511,0,2025-10-15T16:03:59,
1512,0,2025-10-15T16:04:00,
1513,1,2025-10-15T16:04:01,
1514,0,2025-10-15T16:04:54,
1515,0,2025-10-15T16:04:55,
1516,0,2025-10-15T16:04:56,
1517,1,2025-10-15T16:04:57,
1518,0,2025-10-15T16:04:58,
1519,0,2025-10-15T16:04:59,
1520,0,2025-10-15T16:04:59,
1521,1,2025-10-15T16:05:01,
1522,0,2025-10-15T16:05:02,
1523,0,2025-10-15T16:05:03,
1524,1,2025-10-15T16:05:03,
1525,0,2025-10-15T16:05:04,
1526,0,2025-10-15T16:05:36,
1528,0,2025-10-15T16:07:14,
1529,0,2025-10-15T16:07:15,
1530,0,2025-10-15T16:07:16,
1531,0,2025-10-15T16:07:46,
1532,0,2025-10-15T16:07:47,
1533,1,2025-10-15T16:07:49,
1534,0,2025-10-15T16:07:49,
1535,0,2025-10-15T16:07:50,
1536,0,2025-10-15T16:07:51,
1537,0,2025-10-15T16:07:52,
1538,0,2025-10-15T16:07:53,
1539,0,2025-10-15T16:07:54,
1540,0,2025-10-15T16:07:55,
1541,0,2025-10-15T16:07:56,
1542,0,2025-10-15T16:07:57,
1543,0,2025-10-15T16:07:58,
1544,0,2025-10-15T16:07:59,
1545,0,2025-10-15T16:08:00,
1546,0,2025-10-15T16:08:02,
1547,0,2025-10-15T16:08:04,
1548,0,2025-10-15T16:08:04,
1549,0,2025-10-15T16:08:05,
1550,0,2025-10-15T16:08:06,
1551,0,2025-10-15T16:08:07,
1552,0,2025-10-15T16:08:17,
1553,0,2025-10-15T16:08:19,
1554,0,2025-10-15T16:08:20,
1555,0,2025-10-15T16:08:20,
1556,0,2025-10-15T16:08:21,
1557,0,2025-10-15T16:08:22,
1558,0,2025-10-15T16:08:23,
1559,0,2025-10-15T16:08:24,
1560,0,2025-10-15T16:08:25,
1561,0,2025-10-15T16:08:25,
1562,0,2025-10-15T16:08:26,
1563,0,2025-10-15T16:08:27,
1564,0,2025-10-15T16:08:28,
