index,label,timestamp,notes,user_id,username
0,1,2025-10-15T16:43:08,,c3a96490,Robl
1,0,2025-10-15T16:43:09,,c3a96490,Robl
2,0,2025-10-15T16:43:10,,c3a96490,Robl
3,0,2025-10-15T16:43:11,,c3a96490,Robl
4,0,2025-10-15T16:43:12,,c3a96490,Robl
5,0,2025-10-15T16:43:12,,c3a96490,Robl
6,0,2025-10-15T16:43:13,,c3a96490,Robl
7,0,2025-10-15T16:43:14,,c3a96490,Robl
8,0,2025-10-15T16:43:15,,c3a96490,Robl
9,0,2025-10-15T16:43:16,,c3a96490,Robl
10,0,2025-10-15T16:43:16,,c3a96490,Robl
11,1,2025-10-15T16:43:18,,c3a96490,Robl
12,0,2025-10-15T16:43:19,,c3a96490,Robl
13,0,2025-10-15T16:43:20,,c3a96490,Robl
14,0,2025-10-15T16:43:21,,c3a96490,Robl
15,0,2025-10-15T16:43:21,,c3a96490,Robl
16,0,2025-10-15T16:43:23,,c3a96490,Robl
17,0,2025-10-15T16:43:23,,c3a96490,Robl
18,0,2025-10-15T16:43:24,,c3a96490,Robl
19,1,2025-10-15T16:43:25,,c3a96490,Robl
20,0,2025-10-15T16:43:26,,c3a96490,Robl
21,0,2025-10-15T16:43:27,,c3a96490,Robl
22,1,2025-10-15T16:43:28,,c3a96490,Robl
23,1,2025-10-15T16:43:29,,c3a96490,Robl
24,0,2025-10-15T16:43:30,,c3a96490,Robl
25,0,2025-10-15T16:43:31,,c3a96490,Robl
26,0,2025-10-15T16:43:32,,c3a96490,Robl
27,0,2025-10-15T16:43:34,,c3a96490,Robl
28,0,2025-10-15T16:43:35,,c3a96490,Robl
29,0,2025-10-15T16:43:36,,c3a96490,Robl
30,1,2025-10-15T16:43:37,,c3a96490,Robl
31,0,2025-10-15T16:43:38,,c3a96490,Robl
32,0,2025-10-15T16:43:39,,c3a96490,Robl
33,0,2025-10-15T16:43:39,,c3a96490,Robl
34,0,2025-10-15T16:43:40,,c3a96490,Robl
35,0,2025-10-15T16:43:41,,c3a96490,Robl
36,1,2025-10-15T16:43:42,,c3a96490,Robl
37,0,2025-10-15T16:43:49,,c3a96490,Robl
38,0,2025-10-15T16:43:50,,c3a96490,Robl
39,0,2025-10-15T16:43:51,,c3a96490,Robl
40,0,2025-10-15T16:43:52,,c3a96490,Robl
41,0,2025-10-15T16:43:53,,c3a96490,Robl
42,0,2025-10-15T16:43:53,,c3a96490,Robl
43,0,2025-10-15T16:43:54,,c3a96490,Robl
44,0,2025-10-15T16:43:55,,c3a96490,Robl
45,0,2025-10-15T16:43:56,,c3a96490,Robl
46,0,2025-10-15T16:43:57,,c3a96490,Robl
47,0,2025-10-15T16:43:58,,c3a96490,Robl
48,0,2025-10-15T16:43:58,,c3a96490,Robl
49,0,2025-10-15T16:43:59,,c3a96490,Robl
50,0,2025-10-15T16:44:05,,c3a96490,Robl
51,0,2025-10-15T16:44:06,,c3a96490,Robl
52,0,2025-10-15T16:44:07,,c3a96490,Robl
53,0,2025-10-15T16:44:11,,c3a96490,Robl
54,0,2025-10-15T16:44:12,,c3a96490,Robl
55,1,2025-10-15T16:44:13,,c3a96490,Robl
56,1,2025-10-15T16:44:14,,c3a96490,Robl
57,0,2025-10-15T16:44:16,,c3a96490,Robl
